<?xml version="1.0" encoding="UTF-8"?>
<DARoots Version="1" Minor="30">
  <FileSet Name="sim_1" Type="SimulationSrcs" RelSrcDir="$PSRCDIR/sim_1">
    <Filter Type="Srcs"/>
    <Config>
      <Option Name="DesignMode" Val="RTL"/>
      <Option Name="TopModule" Val="nanite_top"/>
      <Option Name="TopLib" Val="work"/>
      <Option Name="TopRTLFile" Val="$PPRDIR/sha256_dsp48e1.v"/>
      <Option Name="SimulationRunTime" Val="10ns"/>
      <Option Name="SrcSet" Val="sources_1"/>
      <Define Name="SIM"/>
    </Config>
  </FileSet>
</DARoots>
